id,first_name,last_name,username,schedule
685595,Natale,Arnely,narnelyw,1246
677891,Mort,Assiter,massiter15,1467
723152,Brendon,Baglan,bbaglan2,2467
722189,Dawna,Becraft,dbecraft1,1236
712559,Ricky,Berkley,rberkley11,1457
718337,Harwilll,Blencowe,hblencoweq,2357
693299,Yehudi,Brotheridge,ybrotheridgem,1235
705818,Adrea,Cancellario,acancellario1b,1245
698114,Reube,Cearley,rcearley8,1236
700040,Costa,Clynmans,cclynmansa,1567
690410,Egbert,Crocker,ecrockerj,1356
695225,Sammie,Da Costa,sdacosta5,1467
711596,Earle,Danilyuk,edanilyuk10,1256
701966,Yorgo,Derkes,yderkesc,1567
692336,Madel,Donan,mdonanl,2457
704855,Willy,Dougary,wdougary1a,2456
699077,Ferguson,Forrest,fforrest9,1246
688484,Patsy,Franchi,pfranchih,2345
720263,Adolpho,Franschini,afranschinis,3457
694262,Chicky,Furness,cfurnessn,2345
696188,Manny,Garlett,mgarlett6,1457
707744,Freemon,Glastonbury,fglastonbury1d,2457
725078,Consalve,Goater,cgoater4,1247
682706,Florette,Gunny,fgunnyt,1245
717374,Jacques,Hastelow,jhastelowp,1456
681743,Shayna,Jatczak,sjatczak19,2457
702929,Gale,Josiah,gjosiahd,1347
679817,Hayward,Karslake,hkarslake17,1234
678854,Francois,Kilminster,fkilminster16,1237
710633,Thurston,Lancashire,tlancashirez,1245
689447,Warren,Laurenceau,wlaurenceaui,1237
721226,Dixie,Lindsey,dlindsey0,2345
680780,Gloria,Mardoll,gmardoll18,1235
715448,Christina,Noriega,cnoriega14,1567
691373,Elita,Oels,eoelsk,2567
724115,Margery,Orteau,morteau3,3567
684632,Kynthia,Pashan,kpashanv,1367
708707,Colan,Proudley,cproudleyx,1257
714485,Danyette,Quin,dquin13,1467
686558,Kellen,Rabb,krabbf,1367
719300,Pamelina,Rambaut,prambautr,1234
701003,Brendon,Rens,brensb,2356
709670,Rey,Reynolds,rreynoldsy,3567
703892,Elihu,Rosenhaus,erosenhause,4567
687521,Eugene,Rubinovici,erubinovicig,1247
683669,Bertrand,Rucklidge,brucklidgeu,2367
706781,Carina,Seager,cseager1c,1246
716411,Barris,Thorndycraft,bthorndycrafto,1234
697151,Dael,Verdey,dverdey7,1234
713522,Kori,Waliszewski,kwaliszewski12,1267